{
    "foreground_mean": {
        "Dice": 0.40755170819078923,
        "FN": 20943.11111111111,
        "FP": 11754.111111111111,
        "IoU": 0.29662669599723707,
        "TN": 146774527.44444445,
        "TP": 22542.444444444445,
        "n_pred": 34296.555555555555,
        "n_ref": 43485.555555555555
    },
    "mean": {
        "1": {
            "Dice": 0.40755170819078923,
            "FN": 20943.11111111111,
            "FP": 11754.111111111111,
            "IoU": 0.29662669599723707,
            "TN": 146774527.44444445,
            "TP": 22542.444444444445,
            "n_pred": 34296.555555555555,
            "n_ref": 43485.555555555555
        }
    },
    "metric_per_case": [
        {
            "metrics": {
                "1": {
                    "Dice": 0.8439344733537063,
                    "FN": 10654,
                    "FP": 34951,
                    "IoU": 0.7300057426692164,
                    "TN": 176778289,
                    "TP": 123306,
                    "n_pred": 158257,
                    "n_ref": 133960
                }
            },
            "prediction_file": "C:\\Users\\Test\\Desktop\\Bart\\nnUNet\\nnUNet_results\\Dataset350_LymphNodes\\nnUNetTrainer_100epochs__nnUNetResEncUNetLPlans__3d_fullres\\Inference_postprocessing\\fold_2\\MEDLNU_008.nii.gz",
            "reference_file": "C:\\Users\\Test\\Desktop\\Bart\\nnUNet\\nnUNet_raw\\Dataset350_LymphNodes\\labelsTs\\MEDLNU_008.nii.gz"
        },
        {
            "metrics": {
                "1": {
                    "Dice": 0.6269265683413211,
                    "FN": 2618,
                    "FP": 35603,
                    "IoU": 0.4565863368166631,
                    "TN": 162721089,
                    "TP": 32114,
                    "n_pred": 67717,
                    "n_ref": 34732
                }
            },
            "prediction_file": "C:\\Users\\Test\\Desktop\\Bart\\nnUNet\\nnUNet_results\\Dataset350_LymphNodes\\nnUNetTrainer_100epochs__nnUNetResEncUNetLPlans__3d_fullres\\Inference_postprocessing\\fold_2\\MEDLNU_013.nii.gz",
            "reference_file": "C:\\Users\\Test\\Desktop\\Bart\\nnUNet\\nnUNet_raw\\Dataset350_LymphNodes\\labelsTs\\MEDLNU_013.nii.gz"
        },
        {
            "metrics": {
                "1": {
                    "Dice": 0.23049575994781474,
                    "FN": 38666,
                    "FP": 8520,
                    "IoU": 0.13026007778371704,
                    "TN": 177417235,
                    "TP": 7067,
                    "n_pred": 15587,
                    "n_ref": 45733
                }
            },
            "prediction_file": "C:\\Users\\Test\\Desktop\\Bart\\nnUNet\\nnUNet_results\\Dataset350_LymphNodes\\nnUNetTrainer_100epochs__nnUNetResEncUNetLPlans__3d_fullres\\Inference_postprocessing\\fold_2\\MEDLNU_022.nii.gz",
            "reference_file": "C:\\Users\\Test\\Desktop\\Bart\\nnUNet\\nnUNet_raw\\Dataset350_LymphNodes\\labelsTs\\MEDLNU_022.nii.gz"
        },
        {
            "metrics": {
                "1": {
                    "Dice": 0.0469515729567371,
                    "FN": 33018,
                    "FP": 3154,
                    "IoU": 0.0240401478563527,
                    "TN": 188182329,
                    "TP": 891,
                    "n_pred": 4045,
                    "n_ref": 33909
                }
            },
            "prediction_file": "C:\\Users\\Test\\Desktop\\Bart\\nnUNet\\nnUNet_results\\Dataset350_LymphNodes\\nnUNetTrainer_100epochs__nnUNetResEncUNetLPlans__3d_fullres\\Inference_postprocessing\\fold_2\\MEDLNU_028.nii.gz",
            "reference_file": "C:\\Users\\Test\\Desktop\\Bart\\nnUNet\\nnUNet_raw\\Dataset350_LymphNodes\\labelsTs\\MEDLNU_028.nii.gz"
        },
        {
            "metrics": {
                "1": {
                    "Dice": 0.0,
                    "FN": 12744,
                    "FP": 6806,
                    "IoU": 0.0,
                    "TN": 137343906,
                    "TP": 0,
                    "n_pred": 6806,
                    "n_ref": 12744
                }
            },
            "prediction_file": "C:\\Users\\Test\\Desktop\\Bart\\nnUNet\\nnUNet_results\\Dataset350_LymphNodes\\nnUNetTrainer_100epochs__nnUNetResEncUNetLPlans__3d_fullres\\Inference_postprocessing\\fold_2\\MEDLNU_042.nii.gz",
            "reference_file": "C:\\Users\\Test\\Desktop\\Bart\\nnUNet\\nnUNet_raw\\Dataset350_LymphNodes\\labelsTs\\MEDLNU_042.nii.gz"
        },
        {
            "metrics": {
                "1": {
                    "Dice": 0.3590393912974558,
                    "FN": 26765,
                    "FP": 5583,
                    "IoU": 0.2187982998454405,
                    "TN": 133389888,
                    "TP": 9060,
                    "n_pred": 14643,
                    "n_ref": 35825
                }
            },
            "prediction_file": "C:\\Users\\Test\\Desktop\\Bart\\nnUNet\\nnUNet_results\\Dataset350_LymphNodes\\nnUNetTrainer_100epochs__nnUNetResEncUNetLPlans__3d_fullres\\Inference_postprocessing\\fold_2\\MEDLNU_050.nii.gz",
            "reference_file": "C:\\Users\\Test\\Desktop\\Bart\\nnUNet\\nnUNet_raw\\Dataset350_LymphNodes\\labelsTs\\MEDLNU_050.nii.gz"
        },
        {
            "metrics": {
                "1": {
                    "Dice": 0.39051757145948823,
                    "FN": 30671,
                    "FP": 5940,
                    "IoU": 0.24263549855192387,
                    "TN": 139674412,
                    "TP": 11729,
                    "n_pred": 17669,
                    "n_ref": 42400
                }
            },
            "prediction_file": "C:\\Users\\Test\\Desktop\\Bart\\nnUNet\\nnUNet_results\\Dataset350_LymphNodes\\nnUNetTrainer_100epochs__nnUNetResEncUNetLPlans__3d_fullres\\Inference_postprocessing\\fold_2\\MEDLNU_064.nii.gz",
            "reference_file": "C:\\Users\\Test\\Desktop\\Bart\\nnUNet\\nnUNet_raw\\Dataset350_LymphNodes\\labelsTs\\MEDLNU_064.nii.gz"
        },
        {
            "metrics": {
                "1": {
                    "Dice": 0.41717957847974635,
                    "FN": 30909,
                    "FP": 3464,
                    "IoU": 0.26356722013926087,
                    "TN": 38750637,
                    "TP": 12302,
                    "n_pred": 15766,
                    "n_ref": 43211
                }
            },
            "prediction_file": "C:\\Users\\Test\\Desktop\\Bart\\nnUNet\\nnUNet_results\\Dataset350_LymphNodes\\nnUNetTrainer_100epochs__nnUNetResEncUNetLPlans__3d_fullres\\Inference_postprocessing\\fold_2\\MEDLNU_072.nii.gz",
            "reference_file": "C:\\Users\\Test\\Desktop\\Bart\\nnUNet\\nnUNet_raw\\Dataset350_LymphNodes\\labelsTs\\MEDLNU_072.nii.gz"
        },
        {
            "metrics": {
                "1": {
                    "Dice": 0.7529204578808336,
                    "FN": 2443,
                    "FP": 1766,
                    "IoU": 0.6037469403125588,
                    "TN": 166712962,
                    "TP": 6413,
                    "n_pred": 8179,
                    "n_ref": 8856
                }
            },
            "prediction_file": "C:\\Users\\Test\\Desktop\\Bart\\nnUNet\\nnUNet_results\\Dataset350_LymphNodes\\nnUNetTrainer_100epochs__nnUNetResEncUNetLPlans__3d_fullres\\Inference_postprocessing\\fold_2\\MEDLNU_081.nii.gz",
            "reference_file": "C:\\Users\\Test\\Desktop\\Bart\\nnUNet\\nnUNet_raw\\Dataset350_LymphNodes\\labelsTs\\MEDLNU_081.nii.gz"
        }
    ]
}