{
    "input_folder": {
        "foreground_mean": {
            "Dice": 0.3471198685341082,
            "FN": 21376.95061728395,
            "FP": 17991.79012345679,
            "IoU": 0.25193138756220024,
            "TN": 163220677.69135803,
            "TP": 13593.074074074075,
            "n_pred": 31584.864197530864,
            "n_ref": 34970.02469135803
        },
        "mean": {
            "1": {
                "Dice": 0.3471198685341082,
                "FN": 21376.95061728395,
                "FP": 17991.79012345679,
                "IoU": 0.25193138756220024,
                "TN": 163220677.69135803,
                "TP": 13593.074074074075,
                "n_pred": 31584.864197530864,
                "n_ref": 34970.02469135803
            }
        }
    },
    "postprocessed": {
        "foreground_mean": {
            "Dice": 0.3471198685341082,
            "FN": 21376.95061728395,
            "FP": 17991.79012345679,
            "IoU": 0.25193138756220024,
            "TN": 163220677.69135803,
            "TP": 13593.074074074075,
            "n_pred": 31584.864197530864,
            "n_ref": 34970.02469135803
        },
        "mean": {
            "1": {
                "Dice": 0.3471198685341082,
                "FN": 21376.95061728395,
                "FP": 17991.79012345679,
                "IoU": 0.25193138756220024,
                "TN": 163220677.69135803,
                "TP": 13593.074074074075,
                "n_pred": 31584.864197530864,
                "n_ref": 34970.02469135803
            }
        }
    },
    "postprocessing_fns": [],
    "postprocessing_kwargs": []
}