{
    "foreground_intensity_properties_per_channel": {
        "0": {
            "max": 3040.0,
            "mean": -99.53587341308594,
            "median": 44.0,
            "min": -1024.0,
            "percentile_00_5": -1000.0,
            "percentile_99_5": 733.0,
            "std": 390.75390625
        }
    },
    "median_relative_size_after_cropping": 1.0,
    "shapes_after_crop": [
        [
            666,
            512,
            512
        ],
        [
            661,
            512,
            512
        ],
        [
            756,
            512,
            512
        ],
        [
            706,
            512,
            512
        ],
        [
            627,
            512,
            512
        ],
        [
            676,
            512,
            512
        ],
        [
            676,
            512,
            512
        ],
        [
            671,
            512,
            512
        ],
        [
            675,
            512,
            512
        ],
        [
            655,
            512,
            512
        ],
        [
            619,
            512,
            512
        ],
        [
            517,
            512,
            512
        ],
        [
            631,
            512,
            512
        ],
        [
            621,
            512,
            512
        ],
        [
            701,
            512,
            512
        ],
        [
            493,
            512,
            512
        ],
        [
            529,
            512,
            512
        ],
        [
            681,
            512,
            512
        ],
        [
            721,
            512,
            512
        ],
        [
            708,
            512,
            512
        ],
        [
            56,
            512,
            512
        ],
        [
            626,
            512,
            512
        ],
        [
            677,
            512,
            512
        ],
        [
            636,
            512,
            512
        ],
        [
            741,
            512,
            512
        ],
        [
            691,
            512,
            512
        ],
        [
            553,
            512,
            512
        ],
        [
            696,
            512,
            512
        ],
        [
            718,
            512,
            512
        ],
        [
            642,
            512,
            512
        ],
        [
            650,
            512,
            512
        ],
        [
            541,
            512,
            512
        ],
        [
            621,
            512,
            512
        ],
        [
            696,
            512,
            512
        ],
        [
            651,
            512,
            512
        ],
        [
            457,
            512,
            512
        ],
        [
            636,
            512,
            512
        ],
        [
            679,
            512,
            512
        ],
        [
            457,
            512,
            512
        ],
        [
            609,
            512,
            512
        ],
        [
            661,
            512,
            512
        ],
        [
            591,
            512,
            512
        ],
        [
            524,
            512,
            512
        ],
        [
            461,
            512,
            512
        ],
        [
            631,
            512,
            512
        ],
        [
            717,
            512,
            512
        ],
        [
            709,
            512,
            512
        ],
        [
            521,
            512,
            512
        ],
        [
            493,
            512,
            512
        ],
        [
            553,
            512,
            512
        ],
        [
            509,
            512,
            512
        ],
        [
            517,
            512,
            512
        ],
        [
            521,
            512,
            512
        ],
        [
            454,
            512,
            512
        ],
        [
            581,
            512,
            512
        ],
        [
            716,
            512,
            512
        ],
        [
            682,
            512,
            512
        ],
        [
            666,
            512,
            512
        ],
        [
            646,
            512,
            512
        ],
        [
            681,
            512,
            512
        ],
        [
            691,
            512,
            512
        ],
        [
            735,
            512,
            512
        ],
        [
            748,
            512,
            512
        ],
        [
            549,
            512,
            512
        ],
        [
            533,
            512,
            512
        ],
        [
            598,
            512,
            512
        ],
        [
            666,
            512,
            512
        ],
        [
            545,
            512,
            512
        ],
        [
            702,
            512,
            512
        ],
        [
            626,
            512,
            512
        ],
        [
            711,
            512,
            512
        ],
        [
            686,
            512,
            512
        ],
        [
            148,
            512,
            512
        ],
        [
            501,
            512,
            512
        ],
        [
            429,
            512,
            512
        ],
        [
            635,
            512,
            512
        ],
        [
            667,
            512,
            512
        ],
        [
            656,
            512,
            512
        ],
        [
            657,
            512,
            512
        ],
        [
            641,
            512,
            512
        ],
        [
            641,
            512,
            512
        ],
        [
            636,
            512,
            512
        ],
        [
            718,
            512,
            512
        ],
        [
            591,
            512,
            512
        ],
        [
            489,
            512,
            512
        ],
        [
            657,
            512,
            512
        ],
        [
            718,
            512,
            512
        ],
        [
            776,
            512,
            512
        ],
        [
            661,
            512,
            512
        ],
        [
            623,
            512,
            512
        ]
    ],