{
    "input_folder": {
        "foreground_mean": {
            "Dice": 0.02984353757400187,
            "FN": 32727.844444444443,
            "FP": 59642.61111111111,
            "IoU": 0.016373137394074533,
            "TN": 161533788.07777777,
            "TP": 3093.733333333333,
            "n_pred": 62736.34444444445,
            "n_ref": 35821.57777777778
        },
        "mean": {
            "1": {
                "Dice": 0.02984353757400187,
                "FN": 32727.844444444443,
                "FP": 59642.61111111111,
                "IoU": 0.016373137394074533,
                "TN": 161533788.07777777,
                "TP": 3093.733333333333,
                "n_pred": 62736.34444444445,
                "n_ref": 35821.57777777778
            }
        }
    },
    "postprocessed": {
        "foreground_mean": {
            "Dice": 0.02984353757400187,
            "FN": 32727.844444444443,
            "FP": 59642.61111111111,
            "IoU": 0.016373137394074533,
            "TN": 161533788.07777777,
            "TP": 3093.733333333333,
            "n_pred": 62736.34444444445,
            "n_ref": 35821.57777777778
        },
        "mean": {
            "1": {
                "Dice": 0.02984353757400187,
                "FN": 32727.844444444443,
                "FP": 59642.61111111111,
                "IoU": 0.016373137394074533,
                "TN": 161533788.07777777,
                "TP": 3093.733333333333,
                "n_pred": 62736.34444444445,
                "n_ref": 35821.57777777778
            }
        }
    },
    "postprocessing_fns": [],
    "postprocessing_kwargs": []
}