{
    "input_folder": {
        "foreground_mean": {
            "Dice": 0.03238512893585247,
            "FN": 28772.4125,
            "FP": 55301.0375,
            "IoU": 0.018081422288758774,
            "TN": 160417482.25,
            "TP": 2661.9,
            "n_pred": 57962.9375,
            "n_ref": 31434.3125
        },
        "mean": {
            "1": {
                "Dice": 0.03238512893585247,
                "FN": 28772.4125,
                "FP": 55301.0375,
                "IoU": 0.018081422288758774,
                "TN": 160417482.25,
                "TP": 2661.9,
                "n_pred": 57962.9375,
                "n_ref": 31434.3125
            }
        }
    },
    "postprocessed": {
        "foreground_mean": {
            "Dice": 0.03238512893585247,
            "FN": 28772.4125,
            "FP": 55301.0375,
            "IoU": 0.018081422288758774,
            "TN": 160417482.25,
            "TP": 2661.9,
            "n_pred": 57962.9375,
            "n_ref": 31434.3125
        },
        "mean": {
            "1": {
                "Dice": 0.03238512893585247,
                "FN": 28772.4125,
                "FP": 55301.0375,
                "IoU": 0.018081422288758774,
                "TN": 160417482.25,
                "TP": 2661.9,
                "n_pred": 57962.9375,
                "n_ref": 31434.3125
            }
        }
    },
    "postprocessing_fns": [],
    "postprocessing_kwargs": []
}